obekt,pole,stoinost,status,eik,iztochnik,url,publikuvano,provereno,belezhka
FcRJ0ssitgk=,проект,Vabul ONE,,,vabul.com – сайт на инвеститора,https://vabul.com/vabulone/,,2026-10-06,"Локация по сайта: бул. „Александър Малинов“, жк Младост 4. Различен от Vabul Residence (бул. „Проф. Цветан Лазаров“ 106, Дружба 2, завършен) и Vabul Living (ул. „Обиколна“, Дружба 2)."
FcRJ0ssitgk=,доказателство,"Предварителният договор за Vabul ONE посочва разрешение за строеж № 63/27.03.2025, ПИ 68134.4090.1616, УПИ VI-1407, кв. 44, м. „ЖГ Камбаните – Младост 4“ и продавач „ВА БУЛ СЪРВИЗ“ ООД, ЕИК 200213515",,200213515,"vabul.com – договор, свързан от менюто Vabul ONE → Предварителен договор",https://vabul.com/wp-content/uploads/2026/03/Предварителен-договор-Младост-4.pdf,2026-03-24,2026-10-06,Датата на публикуване е датата на последна промяна на файла (папка 2026/03); в договора няма дата на документа.
FcRJ0ssitgk=,доказателство,"Заповед към разрешение № 63/27.03.2025 (чл. 154, ал. 5 ЗУТ): възложител „ВА БУЛ СЪРВИЗ“ ООД, Булстат 200213515, ПИ 68134.4090.1616; партерът става офис на две нива с вход от терена – както в описанието на ИПА Архитекти",,200213515,"НАГ София – документ, прикачен към разрешението",https://nag.sofia.bg/ServerFiles/DownloadDocumentFile?url=S6LygzXSsyo%3D,,2026-10-06,Номерът и датата на заповедта не се разчитат ясно (OCR); издадена е след 24.09.2025 (датата на доклада за съответствие).
FcRJ0ssitgk=,архитект,„ИПА“ ЕООД (ИПА Архитекти / Ivo Petrov Architects),,114635815,ИПА Архитекти – портфолио,https://www.ip-arch.com/proekti/vabul-one-zhilishten-kompleks,,2026-10-06,"ИПА посочва Vabul ONE с инвеститор Ва Бул Сървиз ООД, Младост 4, бул. „Александър Малинов“; инвеститорът (vabul.com) посочва архитектурно студио „Ivo Petrov“ за Vabul One; строителят – проект на @iparchitects. ЕИК: в Търговския регистър имейлът info@ip-arch.com и тел. 02 868 75 74 съвпадат със сайта."
FcRJ0ssitgk=,строител,„ЕЛИТ СТРОИТЕЛНА КОМПАНИЯ“ ЕООД,,202642315,Елит Строителна Компания – новина,https://elitebuild.bg/en/news/elite-construction-company-with-a-new-contract-for-general-contractor---vabul-one-residential-building/,2025-04-28,2026-10-06,Строителят съобщава договор за главен изпълнител на VaBul One в Младост 4 (проект на @iparchitects); ИПА също го посочва като изпълнител. В регистъра на НАГ строителят не е посочен. ЕИК – единствено съвпадение по име в Търговския регистър; адресът (ул. „Атанас Дуков“ 1) съвпада със сайта на строителя.
FcRJ0ssitgk=,събитие,договор за главен изпълнител с „Елит Строителна Компания“ ЕООД,,,Елит Строителна Компания – новина,https://elitebuild.bg/en/news/elite-construction-company-with-a-new-contract-for-general-contractor---vabul-one-residential-building/,2025-04-28,2026-10-06,Историческо събитие по съобщение на строителя.
FcRJ0ssitgk=,събитие,излети основи,,,Елит Строителна Компания – новина,https://elitebuild.bg/en/news/successfully-laid-foundation-for-vabul-one-in-mladost-4/,2025-07-27,2026-10-06,Историческо събитие по съобщение на строителя; не доказва текущия етап.
FcRJ0ssitgk=,контакт инвеститор,+359889309580; sales@vabul.com; vabul.com,,200213515,vabul.com – договор за Vabul ONE (със същия ЕИК),https://vabul.com/wp-content/uploads/2026/03/Предварителен-договор-Младост-4.pdf,2026-03-24,2026-10-06,Телефонът и имейлът са в договора до ЕИК 200213515 и на страницата на Vabul ONE.
FcRJ0ssitgk=,изключен източник,Вабул Резъдънс (Building of the Year),,,Building of the Year,https://www.buildingoftheyear.bg/bg/uchastnici/jil-mnogo-2024/vabul-rezydyns,,2026-10-06,"Страницата е за Vabul Residence – бул. „Проф. Цветан Лазаров“, Дружба 2, завършен с Акт 16; не е Vabul ONE."
